timestamp, name, memory.total [MiB], memory.used [MiB], utilization.gpu [%]
2026/09/29 19:21:53.757, Tesla T4, 15360 MiB, 3 MiB, 0 %
2026/09/29 19:21:54.263, Tesla T4, 15360 MiB, 3 MiB, 0 %
2026/09/29 19:21:54.764, Tesla T4, 15360 MiB, 3 MiB, 0 %
2026/09/29 19:21:55.267, Tesla T4, 15360 MiB, 3 MiB, 0 %
2026/09/29 19:21:55.769, Tesla T4, 15360 MiB, 3 MiB, 0 %
2026/09/29 19:21:56.271, Tesla T4, 15360 MiB, 3 MiB, 0 %
2026/09/29 19:21:56.774, Tesla T4, 15360 MiB, 3 MiB, 0 %
2026/09/29 19:21:57.277, Tesla T4, 15360 MiB, 3 MiB, 0 %
2026/09/29 19:21:57.779, Tesla T4, 15360 MiB, 3 MiB, 0 %
2026/09/29 19:21:58.282, Tesla T4, 15360 MiB, 3 MiB, 0 %
2026/09/29 19:21:58.784, Tesla T4, 15360 MiB, 3 MiB, 0 %
2026/09/29 19:21:59.287, Tesla T4, 15360 MiB, 3 MiB, 0 %
2026/09/29 19:21:59.790, Tesla T4, 15360 MiB, 3 MiB, 0 %
2026/09/29 19:22:00.292, Tesla T4, 15360 MiB, 3 MiB, 0 %
2026/09/29 19:22:00.795, Tesla T4, 15360 MiB, 3 MiB, 0 %
2026/09/29 19:22:01.297, Tesla T4, 15360 MiB, 3 MiB, 0 %
2026/09/29 19:22:01.800, Tesla T4, 15360 MiB, 3 MiB, 0 %
2026/09/29 19:22:02.302, Tesla T4, 15360 MiB, 3 MiB, 0 %
2026/09/29 19:22:02.805, Tesla T4, 15360 MiB, 3 MiB, 0 %
2026/09/29 19:22:03.307, Tesla T4, 15360 MiB, 3 MiB, 0 %
2026/09/29 19:22:03.810, Tesla T4, 15360 MiB, 3 MiB, 0 %
2026/09/29 19:22:04.312, Tesla T4, 15360 MiB, 3 MiB, 0 %
2026/09/29 19:22:04.816, Tesla T4, 15360 MiB, 3 MiB, 0 %
2026/09/29 19:22:05.324, Tesla T4, 15360 MiB, 3 MiB, 0 %
2026/09/29 19:22:05.827, Tesla T4, 15360 MiB, 3 MiB, 0 %
2026/09/29 19:22:06.331, Tesla T4, 15360 MiB, 3 MiB, 0 %
2026/09/29 19:22:06.836, Tesla T4, 15360 MiB, 3 MiB, 0 %
2026/09/29 19:22:07.338, Tesla T4, 15360 MiB, 3 MiB, 0 %
2026/09/29 19:22:07.841, Tesla T4, 15360 MiB, 3 MiB, 0 %
2026/09/29 19:22:08.343, Tesla T4, 15360 MiB, 3 MiB, 0 %
2026/09/29 19:22:08.846, Tesla T4, 15360 MiB, 3 MiB, 0 %
2026/09/29 19:22:09.359, Tesla T4, 15360 MiB, 3 MiB, 0 %
2026/09/29 19:22:09.862, Tesla T4, 15360 MiB, 3 MiB, 0 %
2026/09/29 19:22:10.364, Tesla T4, 15360 MiB, 3 MiB, 0 %
2026/09/29 19:22:10.866, Tesla T4, 15360 MiB, 3 MiB, 0 %
2026/09/29 19:22:11.369, Tesla T4, 15360 MiB, 3 MiB, 0 %
2026/09/29 19:22:11.872, Tesla T4, 15360 MiB, 3 MiB, 0 %
2026/09/29 19:22:12.374, Tesla T4, 15360 MiB, 3 MiB, 0 %
2026/09/29 19:22:12.878, Tesla T4, 15360 MiB, 3 MiB, 0 %
2026/09/29 19:22:13.380, Tesla T4, 15360 MiB, 3 MiB, 0 %
2026/09/29 19:22:13.883, Tesla T4, 15360 MiB, 3 MiB, 0 %
2026/09/29 19:22:14.385, Tesla T4, 15360 MiB, 3 MiB, 0 %
2026/09/29 19:22:14.888, Tesla T4, 15360 MiB, 3 MiB, 0 %
2026/09/29 19:22:15.391, Tesla T4, 15360 MiB, 3 MiB, 0 %
2026/09/29 19:22:15.894, Tesla T4, 15360 MiB, 3 MiB, 0 %
2026/09/29 19:22:16.397, Tesla T4, 15360 MiB, 3 MiB, 0 %
2026/09/29 19:22:16.900, Tesla T4, 15360 MiB, 3 MiB, 0 %
2026/09/29 19:22:17.405, Tesla T4, 15360 MiB, 3 MiB, 0 %
2026/09/29 19:22:17.907, Tesla T4, 15360 MiB, 3 MiB, 0 %
2026/09/29 19:22:18.410, Tesla T4, 15360 MiB, 3 MiB, 0 %
2026/09/29 19:22:18.913, Tesla T4, 15360 MiB, 3 MiB, 0 %
2026/09/29 19:22:19.416, Tesla T4, 15360 MiB, 3 MiB, 0 %
2026/09/29 19:22:19.919, Tesla T4, 15360 MiB, 3 MiB, 0 %
2026/09/29 19:22:20.422, Tesla T4, 15360 MiB, 3 MiB, 0 %
2026/09/29 19:22:20.924, Tesla T4, 15360 MiB, 3 MiB, 0 %
2026/09/29 19:22:21.427, Tesla T4, 15360 MiB, 3 MiB, 0 %
2026/09/29 19:22:21.929, Tesla T4, 15360 MiB, 3 MiB, 0 %
2026/09/29 19:22:22.432, Tesla T4, 15360 MiB, 3 MiB, 0 %
2026/09/29 19:22:22.934, Tesla T4, 15360 MiB, 3 MiB, 0 %
2026/09/29 19:22:23.437, Tesla T4, 15360 MiB, 3 MiB, 0 %
2026/09/29 19:22:23.944, Tesla T4, 15360 MiB, 3 MiB, 0 %
2026/09/29 19:22:24.446, Tesla T4, 15360 MiB, 3 MiB, 0 %
2026/09/29 19:22:24.949, Tesla T4, 15360 MiB, 3 MiB, 0 %
2026/09/29 19:22:25.451, Tesla T4, 15360 MiB, 3 MiB, 0 %
2026/09/29 19:22:25.953, Tesla T4, 15360 MiB, 3 MiB, 0 %
2026/09/29 19:22:26.456, Tesla T4, 15360 MiB, 3 MiB, 0 %
2026/09/29 19:22:26.959, Tesla T4, 15360 MiB, 3 MiB, 0 %
2026/09/29 19:22:27.461, Tesla T4, 15360 MiB, 3 MiB, 0 %
2026/09/29 19:22:27.964, Tesla T4, 15360 MiB, 3 MiB, 0 %
2026/09/29 19:22:28.466, Tesla T4, 15360 MiB, 3 MiB, 0 %
2026/09/29 19:22:28.968, Tesla T4, 15360 MiB, 3 MiB, 0 %
2026/09/29 19:22:29.471, Tesla T4, 15360 MiB, 3 MiB, 0 %
2026/09/29 19:22:29.974, Tesla T4, 15360 MiB, 3 MiB, 0 %
2026/09/29 19:22:30.477, Tesla T4, 15360 MiB, 3 MiB, 0 %
2026/09/29 19:22:30.981, Tesla T4, 15360 MiB, 3 MiB, 0 %
2026/09/29 19:22:31.484, Tesla T4, 15360 MiB, 3 MiB, 0 %
2026/09/29 19:22:31.988, Tesla T4, 15360 MiB, 3 MiB, 0 %
2026/09/29 19:22:32.491, Tesla T4, 15360 MiB, 3 MiB, 0 %
2026/09/29 19:22:32.994, Tesla T4, 15360 MiB, 3 MiB, 0 %
2026/09/29 19:22:33.496, Tesla T4, 15360 MiB, 3 MiB, 0 %
2026/09/29 19:22:33.999, Tesla T4, 15360 MiB, 3 MiB, 0 %
2026/09/29 19:22:34.502, Tesla T4, 15360 MiB, 3 MiB, 0 %
2026/09/29 19:22:35.004, Tesla T4, 15360 MiB, 3 MiB, 0 %
2026/09/29 19:22:35.507, Tesla T4, 15360 MiB, 3 MiB, 0 %
2026/09/29 19:22:36.010, Tesla T4, 15360 MiB, 3 MiB, 0 %
2026/09/29 19:22:36.514, Tesla T4, 15360 MiB, 3 MiB, 0 %
2026/09/29 19:22:37.017, Tesla T4, 15360 MiB, 3 MiB, 0 %
2026/09/29 19:22:37.520, Tesla T4, 15360 MiB, 3 MiB, 0 %
2026/09/29 19:22:38.023, Tesla T4, 15360 MiB, 3 MiB, 0 %
2026/09/29 19:22:38.528, Tesla T4, 15360 MiB, 3 MiB, 0 %
2026/09/29 19:22:39.031, Tesla T4, 15360 MiB, 3 MiB, 0 %
2026/09/29 19:22:39.533, Tesla T4, 15360 MiB, 3 MiB, 0 %
2026/09/29 19:22:40.036, Tesla T4, 15360 MiB, 3 MiB, 0 %
2026/09/29 19:22:40.538, Tesla T4, 15360 MiB, 3 MiB, 0 %
2026/09/29 19:22:41.041, Tesla T4, 15360 MiB, 3 MiB, 0 %
2026/09/29 19:22:41.544, Tesla T4, 15360 MiB, 3 MiB, 0 %
2026/09/29 19:22:42.046, Tesla T4, 15360 MiB, 3 MiB, 0 %
2026/09/29 19:22:42.549, Tesla T4, 15360 MiB, 3 MiB, 0 %
2026/09/29 19:22:43.053, Tesla T4, 15360 MiB, 3 MiB, 0 %
2026/09/29 19:22:43.557, Tesla T4, 15360 MiB, 3 MiB, 0 %
2026/09/29 19:22:44.060, Tesla T4, 15360 MiB, 3 MiB, 0 %
2026/09/29 19:22:44.570, Tesla T4, 15360 MiB, 3 MiB, 0 %
2026/09/29 19:22:45.076, Tesla T4, 15360 MiB, 3 MiB, 0 %
2026/09/29 19:22:45.579, Tesla T4, 15360 MiB, 3 MiB, 0 %
2026/09/29 19:22:46.082, Tesla T4, 15360 MiB, 3 MiB, 0 %
2026/09/29 19:22:46.584, Tesla T4, 15360 MiB, 3 MiB, 0 %
2026/09/29 19:22:47.087, Tesla T4, 15360 MiB, 3 MiB, 0 %
2026/09/29 19:22:47.591, Tesla T4, 15360 MiB, 3 MiB, 0 %
2026/09/29 19:22:48.093, Tesla T4, 15360 MiB, 3 MiB, 0 %
2026/09/29 19:22:48.595, Tesla T4, 15360 MiB, 3 MiB, 0 %
2026/09/29 19:22:49.098, Tesla T4, 15360 MiB, 3 MiB, 0 %
2026/09/29 19:22:49.600, Tesla T4, 15360 MiB, 3 MiB, 0 %
2026/09/29 19:22:50.103, Tesla T4, 15360 MiB, 3 MiB, 0 %
2026/09/29 19:22:50.605, Tesla T4, 15360 MiB, 3 MiB, 0 %
2026/09/29 19:22:51.107, Tesla T4, 15360 MiB, 3 MiB, 0 %
2026/09/29 19:22:51.610, Tesla T4, 15360 MiB, 3 MiB, 0 %
2026/09/29 19:22:52.113, Tesla T4, 15360 MiB, 3 MiB, 0 %
2026/09/29 19:22:52.617, Tesla T4, 15360 MiB, 3 MiB, 0 %
2026/09/29 19:22:53.120, Tesla T4, 15360 MiB, 3 MiB, 0 %
2026/09/29 19:22:53.623, Tesla T4, 15360 MiB, 3 MiB, 0 %
2026/09/29 19:22:54.125, Tesla T4, 15360 MiB, 3 MiB, 0 %
2026/09/29 19:22:54.627, Tesla T4, 15360 MiB, 3 MiB, 0 %
2026/09/29 19:22:55.130, Tesla T4, 15360 MiB, 3 MiB, 0 %
2026/09/29 19:22:55.632, Tesla T4, 15360 MiB, 3 MiB, 0 %
2026/09/29 19:22:56.135, Tesla T4, 15360 MiB, 3 MiB, 0 %
2026/09/29 19:22:56.647, Tesla T4, 15360 MiB, 3 MiB, 0 %
2026/09/29 19:22:57.155, Tesla T4, 15360 MiB, 3 MiB, 0 %
2026/09/29 19:22:57.662, Tesla T4, 15360 MiB, 3 MiB, 0 %
2026/09/29 19:22:58.175, Tesla T4, 15360 MiB, 3 MiB, 0 %
2026/09/29 19:22:58.678, Tesla T4, 15360 MiB, 3 MiB, 0 %
2026/09/29 19:22:59.180, Tesla T4, 15360 MiB, 3 MiB, 0 %
2026/09/29 19:22:59.683, Tesla T4, 15360 MiB, 3 MiB, 0 %
2026/09/29 19:23:00.185, Tesla T4, 15360 MiB, 3 MiB, 0 %
2026/09/29 19:23:00.688, Tesla T4, 15360 MiB, 3 MiB, 0 %
2026/09/29 19:23:01.190, Tesla T4, 15360 MiB, 3 MiB, 0 %
2026/09/29 19:23:01.693, Tesla T4, 15360 MiB, 3 MiB, 0 %
2026/09/29 19:23:02.195, Tesla T4, 15360 MiB, 3 MiB, 0 %
2026/09/29 19:23:02.698, Tesla T4, 15360 MiB, 3 MiB, 0 %
2026/09/29 19:23:03.200, Tesla T4, 15360 MiB, 3 MiB, 0 %
2026/09/29 19:23:03.703, Tesla T4, 15360 MiB, 3 MiB, 0 %
2026/09/29 19:23:04.206, Tesla T4, 15360 MiB, 3 MiB, 0 %
2026/09/29 19:23:04.708, Tesla T4, 15360 MiB, 3 MiB, 0 %
2026/09/29 19:23:05.211, Tesla T4, 15360 MiB, 3 MiB, 0 %
2026/09/29 19:23:05.713, Tesla T4, 15360 MiB, 3 MiB, 0 %
2026/09/29 19:23:06.216, Tesla T4, 15360 MiB, 3 MiB, 0 %
2026/09/29 19:23:06.719, Tesla T4, 15360 MiB, 171 MiB, 4 %
2026/09/29 19:23:07.220, Tesla T4, 15360 MiB, 249 MiB, 63 %
2026/09/29 19:23:07.722, Tesla T4, 15360 MiB, 601 MiB, 5 %
2026/09/29 19:23:08.224, Tesla T4, 15360 MiB, 605 MiB, 0 %
2026/09/29 19:23:08.725, Tesla T4, 15360 MiB, 605 MiB, 0 %
2026/09/29 19:23:09.226, Tesla T4, 15360 MiB, 605 MiB, 0 %
2026/09/29 19:23:09.728, Tesla T4, 15360 MiB, 605 MiB, 0 %
2026/09/29 19:23:10.230, Tesla T4, 15360 MiB, 605 MiB, 0 %
2026/09/29 19:23:10.731, Tesla T4, 15360 MiB, 605 MiB, 0 %
2026/09/29 19:23:11.233, Tesla T4, 15360 MiB, 605 MiB, 0 %
2026/09/29 19:23:11.735, Tesla T4, 15360 MiB, 605 MiB, 0 %
2026/09/29 19:23:12.236, Tesla T4, 15360 MiB, 605 MiB, 0 %
2026/09/29 19:23:12.741, Tesla T4, 15360 MiB, 605 MiB, 0 %
2026/09/29 19:23:13.245, Tesla T4, 15360 MiB, 605 MiB, 0 %
2026/09/29 19:23:13.753, Tesla T4, 15360 MiB, 605 MiB, 0 %
2026/09/29 19:23:14.254, Tesla T4, 15360 MiB, 605 MiB, 0 %
2026/09/29 19:23:14.755, Tesla T4, 15360 MiB, 605 MiB, 0 %
2026/09/29 19:23:15.257, Tesla T4, 15360 MiB, 605 MiB, 0 %
2026/09/29 19:23:15.758, Tesla T4, 15360 MiB, 605 MiB, 0 %
2026/09/29 19:23:16.260, Tesla T4, 15360 MiB, 605 MiB, 0 %
2026/09/29 19:23:16.761, Tesla T4, 15360 MiB, 605 MiB, 0 %
2026/09/29 19:23:17.263, Tesla T4, 15360 MiB, 605 MiB, 0 %
2026/09/29 19:23:17.764, Tesla T4, 15360 MiB, 605 MiB, 0 %
2026/09/29 19:23:18.266, Tesla T4, 15360 MiB, 605 MiB, 0 %
2026/09/29 19:23:18.767, Tesla T4, 15360 MiB, 815 MiB, 0 %
2026/09/29 19:23:19.269, Tesla T4, 15360 MiB, 815 MiB, 0 %
2026/09/29 19:23:19.770, Tesla T4, 15360 MiB, 815 MiB, 0 %
2026/09/29 19:23:20.271, Tesla T4, 15360 MiB, 815 MiB, 0 %
2026/09/29 19:23:20.773, Tesla T4, 15360 MiB, 815 MiB, 0 %
2026/09/29 19:23:21.274, Tesla T4, 15360 MiB, 815 MiB, 0 %
2026/09/29 19:23:21.776, Tesla T4, 15360 MiB, 815 MiB, 0 %
2026/09/29 19:23:22.278, Tesla T4, 15360 MiB, 815 MiB, 0 %
2026/09/29 19:23:22.780, Tesla T4, 15360 MiB, 815 MiB, 0 %
2026/09/29 19:23:23.283, Tesla T4, 15360 MiB, 819 MiB, 0 %
2026/09/29 19:23:23.786, Tesla T4, 15360 MiB, 819 MiB, 0 %
2026/09/29 19:23:24.289, Tesla T4, 15360 MiB, 819 MiB, 0 %
2026/09/29 19:23:24.792, Tesla T4, 15360 MiB, 819 MiB, 0 %
2026/09/29 19:23:25.294, Tesla T4, 15360 MiB, 819 MiB, 0 %
2026/09/29 19:23:25.796, Tesla T4, 15360 MiB, 819 MiB, 0 %
2026/09/29 19:23:26.297, Tesla T4, 15360 MiB, 819 MiB, 0 %
2026/09/29 19:23:26.798, Tesla T4, 15360 MiB, 819 MiB, 0 %
2026/09/29 19:23:27.300, Tesla T4, 15360 MiB, 819 MiB, 0 %
2026/09/29 19:23:27.801, Tesla T4, 15360 MiB, 819 MiB, 0 %
2026/09/29 19:23:28.304, Tesla T4, 15360 MiB, 819 MiB, 0 %
2026/09/29 19:23:28.806, Tesla T4, 15360 MiB, 819 MiB, 0 %
2026/09/29 19:23:29.307, Tesla T4, 15360 MiB, 819 MiB, 0 %
2026/09/29 19:23:29.809, Tesla T4, 15360 MiB, 825 MiB, 1 %
2026/09/29 19:23:30.310, Tesla T4, 15360 MiB, 825 MiB, 30 %
2026/09/29 19:23:30.812, Tesla T4, 15360 MiB, 825 MiB, 41 %
2026/09/29 19:23:31.313, Tesla T4, 15360 MiB, 825 MiB, 42 %
2026/09/29 19:23:31.815, Tesla T4, 15360 MiB, 825 MiB, 12 %
2026/09/29 19:23:32.317, Tesla T4, 15360 MiB, 825 MiB, 39 %
2026/09/29 19:23:32.819, Tesla T4, 15360 MiB, 825 MiB, 42 %
2026/09/29 19:23:33.321, Tesla T4, 15360 MiB, 825 MiB, 40 %
2026/09/29 19:23:33.823, Tesla T4, 15360 MiB, 825 MiB, 39 %
2026/09/29 19:23:34.324, Tesla T4, 15360 MiB, 825 MiB, 30 %
2026/09/29 19:23:34.826, Tesla T4, 15360 MiB, 825 MiB, 36 %
2026/09/29 19:23:35.329, Tesla T4, 15360 MiB, 825 MiB, 36 %
2026/09/29 19:23:35.832, Tesla T4, 15360 MiB, 825 MiB, 38 %
2026/09/29 19:23:36.334, Tesla T4, 15360 MiB, 825 MiB, 30 %
2026/09/29 19:23:36.837, Tesla T4, 15360 MiB, 819 MiB, 0 %
2026/09/29 19:23:37.340, Tesla T4, 15360 MiB, 917 MiB, 51 %
2026/09/29 19:23:37.842, Tesla T4, 15360 MiB, 2419 MiB, 50 %
2026/09/29 19:23:38.344, Tesla T4, 15360 MiB, 2419 MiB, 48 %
2026/09/29 19:23:38.845, Tesla T4, 15360 MiB, 3585 MiB, 55 %
2026/09/29 19:23:39.347, Tesla T4, 15360 MiB, 3585 MiB, 56 %
2026/09/29 19:23:39.848, Tesla T4, 15360 MiB, 3585 MiB, 52 %
2026/09/29 19:23:40.349, Tesla T4, 15360 MiB, 3587 MiB, 45 %
2026/09/29 19:23:40.851, Tesla T4, 15360 MiB, 3587 MiB, 44 %
2026/09/29 19:23:41.352, Tesla T4, 15360 MiB, 3587 MiB, 53 %
2026/09/29 19:23:41.854, Tesla T4, 15360 MiB, 3587 MiB, 50 %
2026/09/29 19:23:42.355, Tesla T4, 15360 MiB, 3587 MiB, 40 %
2026/09/29 19:23:42.856, Tesla T4, 15360 MiB, 3587 MiB, 38 %
2026/09/29 19:23:43.358, Tesla T4, 15360 MiB, 3587 MiB, 53 %
2026/09/29 19:23:43.859, Tesla T4, 15360 MiB, 3587 MiB, 39 %
2026/09/29 19:23:44.360, Tesla T4, 15360 MiB, 3587 MiB, 41 %
2026/09/29 19:23:44.862, Tesla T4, 15360 MiB, 3587 MiB, 44 %
2026/09/29 19:23:45.363, Tesla T4, 15360 MiB, 3587 MiB, 57 %
2026/09/29 19:23:45.865, Tesla T4, 15360 MiB, 3587 MiB, 43 %
2026/09/29 19:23:46.367, Tesla T4, 15360 MiB, 3587 MiB, 48 %
2026/09/29 19:23:46.868, Tesla T4, 15360 MiB, 4771 MiB, 48 %
2026/09/29 19:23:47.370, Tesla T4, 15360 MiB, 4771 MiB, 42 %
2026/09/29 19:23:47.873, Tesla T4, 15360 MiB, 5953 MiB, 68 %
2026/09/29 19:23:48.378, Tesla T4, 15360 MiB, 5953 MiB, 53 %
2026/09/29 19:23:48.880, Tesla T4, 15360 MiB, 5953 MiB, 43 %
2026/09/29 19:23:49.383, Tesla T4, 15360 MiB, 5953 MiB, 53 %
2026/09/29 19:23:49.885, Tesla T4, 15360 MiB, 5953 MiB, 41 %
2026/09/29 19:23:50.386, Tesla T4, 15360 MiB, 5953 MiB, 55 %
2026/09/29 19:23:50.887, Tesla T4, 15360 MiB, 5953 MiB, 54 %
2026/09/29 19:23:51.388, Tesla T4, 15360 MiB, 5971 MiB, 39 %
2026/09/29 19:23:51.890, Tesla T4, 15360 MiB, 5983 MiB, 41 %
2026/09/29 19:23:52.391, Tesla T4, 15360 MiB, 5985 MiB, 53 %
2026/09/29 19:23:52.893, Tesla T4, 15360 MiB, 5985 MiB, 40 %
2026/09/29 19:23:53.394, Tesla T4, 15360 MiB, 5985 MiB, 39 %
2026/09/29 19:23:53.895, Tesla T4, 15360 MiB, 5985 MiB, 43 %
2026/09/29 19:23:54.397, Tesla T4, 15360 MiB, 5985 MiB, 48 %
2026/09/29 19:23:54.899, Tesla T4, 15360 MiB, 5985 MiB, 41 %
2026/09/29 19:23:55.402, Tesla T4, 15360 MiB, 5987 MiB, 2 %
2026/09/29 19:23:55.904, Tesla T4, 15360 MiB, 5987 MiB, 36 %
2026/09/29 19:23:56.405, Tesla T4, 15360 MiB, 5987 MiB, 34 %
2026/09/29 19:23:56.906, Tesla T4, 15360 MiB, 5987 MiB, 37 %
2026/09/29 19:23:57.407, Tesla T4, 15360 MiB, 5987 MiB, 35 %
2026/09/29 19:23:57.909, Tesla T4, 15360 MiB, 5987 MiB, 40 %
2026/09/29 19:23:58.410, Tesla T4, 15360 MiB, 5987 MiB, 44 %
2026/09/29 19:23:58.912, Tesla T4, 15360 MiB, 5987 MiB, 40 %
2026/09/29 19:23:59.414, Tesla T4, 15360 MiB, 5987 MiB, 43 %
2026/09/29 19:23:59.916, Tesla T4, 15360 MiB, 5987 MiB, 39 %
2026/09/29 19:24:00.418, Tesla T4, 15360 MiB, 5987 MiB, 41 %
2026/09/29 19:24:00.919, Tesla T4, 15360 MiB, 5987 MiB, 37 %
2026/09/29 19:24:01.420, Tesla T4, 15360 MiB, 5987 MiB, 39 %
2026/09/29 19:24:01.923, Tesla T4, 15360 MiB, 5987 MiB, 35 %
2026/09/29 19:24:02.425, Tesla T4, 15360 MiB, 5987 MiB, 32 %
2026/09/29 19:24:02.927, Tesla T4, 15360 MiB, 5987 MiB, 38 %
2026/09/29 19:24:03.428, Tesla T4, 15360 MiB, 5987 MiB, 40 %
2026/09/29 19:24:03.931, Tesla T4, 15360 MiB, 5987 MiB, 37 %
2026/09/29 19:24:04.432, Tesla T4, 15360 MiB, 5987 MiB, 42 %
2026/09/29 19:24:04.933, Tesla T4, 15360 MiB, 5987 MiB, 41 %
2026/09/29 19:24:05.435, Tesla T4, 15360 MiB, 5987 MiB, 43 %
2026/09/29 19:24:05.936, Tesla T4, 15360 MiB, 5987 MiB, 45 %
2026/09/29 19:24:06.437, Tesla T4, 15360 MiB, 5987 MiB, 44 %
2026/09/29 19:24:06.939, Tesla T4, 15360 MiB, 5987 MiB, 42 %
2026/09/29 19:24:07.440, Tesla T4, 15360 MiB, 5987 MiB, 44 %
2026/09/29 19:24:07.941, Tesla T4, 15360 MiB, 5987 MiB, 65 %
2026/09/29 19:24:08.443, Tesla T4, 15360 MiB, 5987 MiB, 50 %
2026/09/29 19:24:08.944, Tesla T4, 15360 MiB, 5987 MiB, 44 %
2026/09/29 19:24:09.446, Tesla T4, 15360 MiB, 5987 MiB, 46 %
2026/09/29 19:24:09.947, Tesla T4, 15360 MiB, 5987 MiB, 46 %
2026/09/29 19:24:10.450, Tesla T4, 15360 MiB, 5987 MiB, 56 %
2026/09/29 19:24:10.951, Tesla T4, 15360 MiB, 5987 MiB, 52 %
2026/09/29 19:24:11.452, Tesla T4, 15360 MiB, 5987 MiB, 38 %
2026/09/29 19:24:11.954, Tesla T4, 15360 MiB, 5993 MiB, 38 %
2026/09/29 19:24:12.455, Tesla T4, 15360 MiB, 5997 MiB, 39 %
2026/09/29 19:24:12.956, Tesla T4, 15360 MiB, 5997 MiB, 31 %
